hostname,ip_address,asn,as_name,timestamp
sunpass.com-hqwi.win,104.21.80.1,"AS13335 Cloudflare, Inc.",CLOUDFLARENET,2025-04-16T14:37:14.858359795+00:00
sunpass.com-fsyj.win,172.67.182.137,"AS13335 Cloudflare, Inc.",CLOUDFLARENET,2025-04-16T14:06:56.557017412+00:00
sunpass.com-enlk.win,172.67.144.243,"AS13335 Cloudflare, Inc.",CLOUDFLARENET,2025-04-16T13:47:03.603237086+00:00
paytollzjpl.vip,172.67.157.180,"AS13335 Cloudflare, Inc.",CLOUDFLARENET,2025-04-16T13:33:30.631838055+00:00
paytollzcqj.vip,172.67.175.126,"AS13335 Cloudflare, Inc.",CLOUDFLARENET,2025-04-16T13:32:45.355135717+00:00
paytollyvgf.vip,172.67.152.61,"AS13335 Cloudflare, Inc.",CLOUDFLARENET,2025-04-16T13:32:07.126901291+00:00
paytollypfa.vip,104.21.69.184,"AS13335 Cloudflare, Inc.",CLOUDFLARENET,2025-04-16T13:31:34.384745348+00:00
paytollybqj.vip,172.67.141.253,"AS13335 Cloudflare, Inc.",CLOUDFLARENET,2025-04-16T13:30:27.925706558+00:00
sunpass.com-dfzy.win,104.21.93.119,"AS13335 Cloudflare, Inc.",CLOUDFLARENET,2025-04-16T13:28:00.671769982+00:00
sunpass.com-dfzt.win,172.67.190.158,"AS13335 Cloudflare, Inc.",CLOUDFLARENET,2025-04-16T13:28:00.608616366+00:00
sunpass.com-dfzr.win,172.67.219.185,"AS13335 Cloudflare, Inc.",CLOUDFLARENET,2025-04-16T13:28:00.608237520+00:00
sunpass.com-dfsq.win,104.21.13.206,"AS13335 Cloudflare, Inc.",CLOUDFLARENET,2025-04-16T13:27:49.353048973+00:00
sunpass.com-dfcw.win,104.21.25.146,"AS13335 Cloudflare, Inc.",CLOUDFLARENET,2025-04-16T13:27:28.681362578+00:00
sunpass.com-dfcv.win,104.21.34.235,"AS13335 Cloudflare, Inc.",CLOUDFLARENET,2025-04-16T13:27:28.681139329+00:00
sunpass.com-dfcq.win,104.21.86.215,"AS13335 Cloudflare, Inc.",CLOUDFLARENET,2025-04-16T13:27:27.670379939+00:00
sunpass.com-dfcn.win,104.21.80.1,"AS13335 Cloudflare, Inc.",CLOUDFLARENET,2025-04-16T13:27:27.669975482+00:00
sunpass.com-dfcm.win,104.21.65.151,"AS13335 Cloudflare, Inc.",CLOUDFLARENET,2025-04-16T13:27:27.669860282+00:00
sunpass.com-dfcc.win,104.21.64.1,"AS13335 Cloudflare, Inc.",CLOUDFLARENET,2025-04-16T13:27:27.623299328+00:00
sunpass.com-dfcb.win,104.21.37.108,"AS13335 Cloudflare, Inc.",CLOUDFLARENET,2025-04-16T13:27:27.623028005+00:00
paytollvnsj.vip,172.67.150.169,"AS13335 Cloudflare, Inc.",CLOUDFLARENET,2025-04-16T13:25:07.005388207+00:00
paytollutjg.vip,172.67.139.166,"AS13335 Cloudflare, Inc.",CLOUDFLARENET,2025-04-16T13:23:30.439289286+00:00
paytolluioj.vip,104.21.87.146,"AS13335 Cloudflare, Inc.",CLOUDFLARENET,2025-04-16T13:22:38.141591490+00:00
paytolltvme.vip,104.21.16.1,"AS13335 Cloudflare, Inc.",CLOUDFLARENET,2025-04-16T13:21:36.743927585+00:00
paytolltlyo.vip,104.21.112.1,"AS13335 Cloudflare, Inc.",CLOUDFLARENET,2025-04-16T13:20:42.973726865+00:00
paytolltkba.vip,172.67.212.108,"AS13335 Cloudflare, Inc.",CLOUDFLARENET,2025-04-16T13:20:34.915714938+00:00
sunpass.com-cobg.win,104.21.80.7,"AS13335 Cloudflare, Inc.",CLOUDFLARENET,2025-04-16T13:18:52.286522071+00:00
paytollqays.vip,172.67.216.246,"AS13335 Cloudflare, Inc.",CLOUDFLARENET,2025-04-16T13:13:32.890997474+00:00
paytollpoqn.vip,104.21.65.123,"AS13335 Cloudflare, Inc.",CLOUDFLARENET,2025-04-16T13:12:30.462371743+00:00
paytollmoza.vip,104.21.57.67,"AS13335 Cloudflare, Inc.",CLOUDFLARENET,2025-04-16T13:06:09.963302183+00:00
paytolllmea.vip,172.67.184.166,"AS13335 Cloudflare, Inc.",CLOUDFLARENET,2025-04-16T13:03:43.788219618+00:00
paytollknfc.vip,104.21.96.1,"AS13335 Cloudflare, Inc.",CLOUDFLARENET,2025-04-16T13:01:48.233805753+00:00
paytolljusj.vip,172.67.163.233,"AS13335 Cloudflare, Inc.",CLOUDFLARENET,2025-04-16T13:00:25.007350275+00:00
paytolljusi.vip,172.67.163.127,"AS13335 Cloudflare, Inc.",CLOUDFLARENET,2025-04-16T13:00:25.007155200+00:00
paytolljush.vip,104.21.29.102,"AS13335 Cloudflare, Inc.",CLOUDFLARENET,2025-04-16T13:00:25.007000605+00:00
paytolljusg.vip,104.21.1.96,"AS13335 Cloudflare, Inc.",CLOUDFLARENET,2025-04-16T13:00:25.006843800+00:00
paytolljusf.vip,104.21.5.203,"AS13335 Cloudflare, Inc.",CLOUDFLARENET,2025-04-16T13:00:25.006686143+00:00
paytolljuse.vip,104.21.56.128,"AS13335 Cloudflare, Inc.",CLOUDFLARENET,2025-04-16T13:00:25.006528831+00:00
paytolljusd.vip,104.21.63.217,"AS13335 Cloudflare, Inc.",CLOUDFLARENET,2025-04-16T13:00:25.006356016+00:00
paytolljusc.vip,172.67.146.133,"AS13335 Cloudflare, Inc.",CLOUDFLARENET,2025-04-16T13:00:25.006200727+00:00
paytolljusb.vip,104.21.96.1,"AS13335 Cloudflare, Inc.",CLOUDFLARENET,2025-04-16T13:00:25.006051861+00:00
paytolljusa.vip,104.21.93.58,"AS13335 Cloudflare, Inc.",CLOUDFLARENET,2025-04-16T13:00:25.005894320+00:00
paytollizvy.vip,104.21.90.181,"AS13335 Cloudflare, Inc.",CLOUDFLARENET,2025-04-16T12:58:44.375751830+00:00
paytolliziy.vip,172.67.194.199,"AS13335 Cloudflare, Inc.",CLOUDFLARENET,2025-04-16T12:58:41.127171073+00:00
paytollizco.vip,104.21.88.98,"AS13335 Cloudflare, Inc.",CLOUDFLARENET,2025-04-16T12:58:39.972363306+00:00
paytolliwaz.vip,172.67.178.25,"AS13335 Cloudflare, Inc.",CLOUDFLARENET,2025-04-16T12:58:26.511137107+00:00
paytollitto.vip,104.21.48.1,"AS13335 Cloudflare, Inc.",CLOUDFLARENET,2025-04-16T12:58:16.327857668+00:00
paytollitla.vip,104.21.32.1,"AS13335 Cloudflare, Inc.",CLOUDFLARENET,2025-04-16T12:58:15.152459290+00:00
paytolliszj.vip,172.67.208.16,"AS13335 Cloudflare, Inc.",CLOUDFLARENET,2025-04-16T12:58:13.924619261+00:00
paytollisyq.vip,172.67.221.142,"AS13335 Cloudflare, Inc.",CLOUDFLARENET,2025-04-16T12:58:13.920626106+00:00
paytollisyp.vip,172.67.157.19,"AS13335 Cloudflare, Inc.",CLOUDFLARENET,2025-04-16T12:58:13.920453708+00:00
paytolliswp.vip,172.67.154.179,"AS13335 Cloudflare, Inc.",CLOUDFLARENET,2025-04-16T12:58:11.848352118+00:00
paytollisso.vip,172.67.138.200,"AS13335 Cloudflare, Inc.",CLOUDFLARENET,2025-04-16T12:58:11.824365748+00:00
paytollisjp.vip,172.67.149.126,"AS13335 Cloudflare, Inc.",CLOUDFLARENET,2025-04-16T12:58:10.651342597+00:00
paytollishq.vip,104.21.16.1,"AS13335 Cloudflare, Inc.",CLOUDFLARENET,2025-04-16T12:58:09.487710204+00:00
paytollisgd.vip,172.67.137.239,"AS13335 Cloudflare, Inc.",CLOUDFLARENET,2025-04-16T12:58:09.481511396+00:00
paytollirzy.vip,104.21.41.161,"AS13335 Cloudflare, Inc.",CLOUDFLARENET,2025-04-16T12:58:08.278091772+00:00
paytollirzp.vip,172.67.139.120,"AS13335 Cloudflare, Inc.",CLOUDFLARENET,2025-04-16T12:58:08.276685326+00:00
paytolliryd.vip,104.21.49.56,"AS13335 Cloudflare, Inc.",CLOUDFLARENET,2025-04-16T12:58:08.270694113+00:00
paytollirvy.vip,104.21.16.1,"AS13335 Cloudflare, Inc.",CLOUDFLARENET,2025-04-16T12:58:08.261708752+00:00
paytollirte.vip,104.21.80.1,"AS13335 Cloudflare, Inc.",CLOUDFLARENET,2025-04-16T12:58:06.212294900+00:00
paytollirqj.vip,172.67.185.108,"AS13335 Cloudflare, Inc.",CLOUDFLARENET,2025-04-16T12:58:06.200576647+00:00
paytollirhd.vip,172.67.165.193,"AS13335 Cloudflare, Inc.",CLOUDFLARENET,2025-04-16T12:58:05.019244872+00:00
paytollirfk.vip,172.67.162.40,"AS13335 Cloudflare, Inc.",CLOUDFLARENET,2025-04-16T12:58:05.011724922+00:00
paytollirco.vip,172.67.195.73,"AS13335 Cloudflare, Inc.",CLOUDFLARENET,2025-04-16T12:58:03.885541039+00:00
paytolliqiu.vip,172.67.221.2,"AS13335 Cloudflare, Inc.",CLOUDFLARENET,2025-04-16T12:58:01.513808207+00:00
paytollipit.vip,104.21.46.188,"AS13335 Cloudflare, Inc.",CLOUDFLARENET,2025-04-16T12:57:55.886141908+00:00
paytollingf.vip,104.21.64.1,"AS13335 Cloudflare, Inc.",CLOUDFLARENET,2025-04-16T12:57:41.608075377+00:00
paytollimuo.vip,104.21.112.1,"AS13335 Cloudflare, Inc.",CLOUDFLARENET,2025-04-16T12:57:40.395304157+00:00
paytollilyf.vip,104.21.78.122,"AS13335 Cloudflare, Inc.",CLOUDFLARENET,2025-04-16T12:57:36.935974374+00:00
paytollilrt.vip,104.21.43.235,"AS13335 Cloudflare, Inc.",CLOUDFLARENET,2025-04-16T12:57:35.766693830+00:00
paytollilqg.vip,172.67.182.138,"AS13335 Cloudflare, Inc.",CLOUDFLARENET,2025-04-16T12:57:35.760575502+00:00
paytolliljd.vip,104.21.0.119,"AS13335 Cloudflare, Inc.",CLOUDFLARENET,2025-04-16T12:57:34.581576092+00:00
paytollildu.vip,172.67.179.200,"AS13335 Cloudflare, Inc.",CLOUDFLARENET,2025-04-16T12:57:33.376322724+00:00
paytollilca.vip,104.21.32.1,"AS13335 Cloudflare, Inc.",CLOUDFLARENET,2025-04-16T12:57:33.369074804+00:00
paytollijmv.vip,104.21.70.71,"AS13335 Cloudflare, Inc.",CLOUDFLARENET,2025-04-16T12:57:27.405636980+00:00
paytollijhg.vip,104.21.64.1,"AS13335 Cloudflare, Inc.",CLOUDFLARENET,2025-04-16T12:57:25.413582008+00:00
paytollihwk.vip,172.67.178.55,"AS13335 Cloudflare, Inc.",CLOUDFLARENET,2025-04-16T12:57:18.343903857+00:00
paytollihvi.vip,104.21.25.6,"AS13335 Cloudflare, Inc.",CLOUDFLARENET,2025-04-16T12:57:18.339390776+00:00
paytollihsa.vip,104.21.64.1,"AS13335 Cloudflare, Inc.",CLOUDFLARENET,2025-04-16T12:57:18.325640473+00:00
paytollihqt.vip,172.67.218.103,"AS13335 Cloudflare, Inc.",CLOUDFLARENET,2025-04-16T12:57:17.166742599+00:00
paytollihlq.vip,104.21.96.1,"AS13335 Cloudflare, Inc.",CLOUDFLARENET,2025-04-16T12:57:17.145614586+00:00
paytollihjy.vip,172.67.192.115,"AS13335 Cloudflare, Inc.",CLOUDFLARENET,2025-04-16T12:57:15.961908172+00:00
paytollihip.vip,104.21.37.208,"AS13335 Cloudflare, Inc.",CLOUDFLARENET,2025-04-16T12:57:15.955896888+00:00
paytollihhu.vip,104.21.32.1,"AS13335 Cloudflare, Inc.",CLOUDFLARENET,2025-04-16T12:57:15.953495083+00:00
paytollicte.vip,104.21.20.89,"AS13335 Cloudflare, Inc.",CLOUDFLARENET,2025-04-16T12:56:54.622746032+00:00
paytollicda.vip,104.21.112.1,"AS13335 Cloudflare, Inc.",CLOUDFLARENET,2025-04-16T12:56:43.428410870+00:00
paytolliamf.vip,172.67.197.91,"AS13335 Cloudflare, Inc.",CLOUDFLARENET,2025-04-16T12:56:35.549719060+00:00
paytollgqfa.vip,172.67.187.75,"AS13335 Cloudflare, Inc.",CLOUDFLARENET,2025-04-16T12:53:32.963743954+00:00
paytolldxis.vip,104.21.64.1,"AS13335 Cloudflare, Inc.",CLOUDFLARENET,2025-04-16T12:47:53.161553731+00:00
paytolldrgw.vip,172.67.182.92,"AS13335 Cloudflare, Inc.",CLOUDFLARENET,2025-04-16T12:47:26.152772436+00:00
paytollbilg.vip,104.21.31.253,"AS13335 Cloudflare, Inc.",CLOUDFLARENET,2025-04-16T12:42:09.799610773+00:00
